Murder;Assault;UrbanPop;Drug;Traffic;Cyber;Kidnapping;Domestic;Alcohol;CarAccidents
13.2;236;58;21.2;5077;8.7;70;30;49.2;3881
10;263;48;44.5;5574;13.9;85;47;67.4;4362
8.1;294;NA;31;3158;10.9;71;25;36.8;2564
8.8;190;50;19.5;4015;14.6;76;25;32.7;3371
9;276;91;40.6;3687;9.6;89;52;38.9;2671
7.9;204;78;38.7;2137;11;87;42;55.3;1882
3.3;110;77;11.1;4890;9.4;59;32;58.7;3619
5.9;238;72;15.8;6701;12.7;99;54;32.1;5043
15.4;335;80;31.9;2635;14.6;81;55;41.1;2308
17.4;211;60;25.8;6931;9.2;57;53;38.7;5378
5.3;46;83;20.2;2020;9.9;89;22;41.2;1628
2.6;120;54;14.2;4684;9.6;62;38;49.3;3380
10.4;249;83;24;5364;8.1;65;12;43.1;4495
7.2;113;65;21;1803;11.3;72;22;50;1046
2.2;56;57;11.3;4901;10.4;91;50;39.2;3426
6;115;66;18;3581;12.1;93;49;50;3223
9.7;109;52;16.3;3021;10.5;98;78;35.8;2261
15.4;249;66;22.2;3695;13.5;75;47;61.2;3092
2.1;83;51;7.8;5271;12.3;53;32;36.5;4143
11.3;300;67;27.8;2120;13.7;72;62;50;1740
4.4;149;85;16.3;6312;8.5;52;12;46.8;4679
12.1;255;74;35.1;6791;9.6;57;49;47.5;5689
2.7;72;66;14.9;2571;10.9;75;26;30.8;2304
16.1;259;44;17.1;668;12.1;67;55;58.4;977
9;178;70;28.2;2906;8.1;96;56;68.4;2446
6;109;53;16.4;1717;9.2;82;53;69.6;1294
4.3;102;62;16.5;3996;10.7;58;29;46.5;3113
12.2;252;81;46;4574;12.9;77;68;32.6;3867
2.1;57;56;9.5;4896;14.2;92;26;32.9;3921
7.4;159;89;18.8;6943;8.7;71;12;41;5991
11.4;285;70;32.1;1129;12;73;49;30.7;586
11.1;254;86;26.1;3110;11.2;53;44;41.8;2691
13;337;45;16.1;5418;11.7;70;12;67.3;4410
0.8;45;44;7.3;4722;13.9;77;41;30.8;4078
7.3;120;75;21.4;5288;14.1;67;42;34.5;4572
6.6;151;68;20;2759;14;96;57;57.7;1778
4.9;159;67;29.3;935;13.3;94;50;33.2;671
6.3;106;72;14.9;1588;10;70;28;40.8;1479
3.4;174;87;8.3;737;8.2;73;28;59.2;912
14.4;279;48;22.5;5254;12.2;62;25;49.1;4609
3.8;86;45;12.8;3115;11.4;83;48;50.6;2907
13.2;188;59;26.9;2474;9.8;85;39;35.7;2436
12.7;201;80;25.5;2982;13.1;92;26;66.7;2493
3.2;120;80;22.9;6476;9.4;96;23;69.5;5616
2.2;48;32;11.2;2828;12.2;69;39;53.8;2015
8.5;156;63;20.7;3610;11.7;97;61;32.7;2394
4;145;73;26.2;564;12.5;90;73;61.2;862
5.7;81;39;9.3;997;14.9;87;50;33.7;610
2.6;53;66;10.8;2191;10.5;51;41;67.6;1791
6.8;161;60;15.6;907;9.8;85;31;58;903
8.2;232;58;20.3;4402;13.7;86;20;46.4;3816
13.5;257;48;43.6;2585;9.6;63;49;60.8;2200
17.9;293;80;30.1;1587;11.8;52;12;55.6;1616
13.4;190;49;18.6;3091;12.3;69;46;36.1;2301
10.2;268;90;39.7;3415;9.1;88;64;57.8;2858
4.9;200;77;37.8;5579;13.5;79;17;64.8;4308
0.5;109;76;10.2;4721;10.5;92;67;35.6;3472
18.9;238;72;14.9;3451;9.1;77;67;40.8;3174
22.9;331;79;31;6018;14.1;50;12;40.6;4988
2.5;211;60;24.9;1538;11.8;64;12;36.6;1610
8.2;45;83;19.3;6492;11.6;77;16;45;4940
3.4;120;53;13.3;4733;10.2;71;19;60.3;3877
12.6;245;82;23.1;1173;8.2;89;24;49.5;719
0.5;109;64;20.1;2677;12.3;57;29;35.1;1981
5.6;50;56;10.4;5769;13.4;77;65;64.1;4749
5.5;108;65;17.1;4754;11.3;97;47;44.4;3405
9.4;103;51;15.4;1310;13.3;69;12;39.7;934
5;246;66;21.3;4470;11.4;97;56;52.6;4017
8.1;83;51;7.3;1577;13.6;79;15;41.9;1194
5.3;296;67;26.9;3386;14.3;61;52;52.2;2941
8;144;85;15.4;5882;9.3;78;52;64.8;4557
15.3;254;74;34.2;1053;11.6;75;27;62.8;846
2.2;71;66;14;4228;8.1;85;18;41.7;3261
13;256;43;16.2;2250;11.1;62;12;49.5;1472
13.6;175;70;27.3;2963;8.1;58;20;38.9;2776
4.8;109;52;15.5;2683;13.2;96;56;31;2185
4.1;101;62;15.6;2955;9.7;72;12;31.6;2259
17.4;248;80;45.1;4450;9.4;64;39;50.4;3327
6.3;55;55;8.6;3863;13.2;93;62;65.1;2812
2.3;156;88;17.9;2828;14;59;49;64.2;2471
14.9;278;70;31.2;5444;10.3;68;18;59.7;4002
15.5;247;85;25.2;5758;11.2;65;41;32.7;4811
24.7;335;45;15.2;3266;12.5;87;61;33.4;2636
2.5;45;43;7.3;3265;14.4;56;55;63.1;2258
5.2;118;75;20.5;6056;11;58;22;37.8;4481
18.8;144;67;19.1;5340;9.4;92;48;49.2;4644
1.4;153;67;28.4;981;15;82;40;44;1190
9.4;100;72;14;6546;10.7;73;35;53;5572
14.4;166;86;7.4;6847;9.6;54;23;62.7;4997
21.2;278;48;21.6;2186;9.1;100;38;53.6;1288
5.1;85;45;11.9;844;14;71;51;67.4;190
15.4;186;58;26;6572;14.4;84;48;64.2;5063
14.4;197;79;24.6;2302;14.9;71;46;35;1679
12.3;117;79;22;1517;12.6;52;16;58.5;787
6.7;48;32;10.3;2573;11.8;91;29;31.6;2081
5.2;151;63;19.8;2531;12.7;62;55;62.2;2442
0.5;139;72;25.3;1869;14.5;66;57;53.6;1241
5.4;76;39;8.4;5409;8.5;55;39;42.4;3893
6.8;50;65;9.9;1254;14.5;86;53;42.1;1071
7.7;158;60;14.7;4061;10.5;51;22;50.5;3652
11.2;228;57;19.4;2937;9;96;39;47.7;2285
12;256;47;42.7;974;13.2;83;49;48.8;985
9.7;289;80;29.2;615;14.4;57;34;34.9;531
6.5;190;48;17.7;6876;13.5;100;77;50.7;5947
17;260;90;38.8;5385;14.8;76;12;48.8;4348
11.1;194;76;36.9;6659;10.2;97;60;30.9;5001
0.5;109;76;9.3;6801;12.6;56;48;40.5;5740
18;232;NA;14;4465;12.9;100;77;69.4;3487
6.5;326;79;30.1;5905;9.8;50;12;40.4;5109
9.7;203;59;24;619;13.3;92;52;50.1;330
0.5;45;83;18.4;2027;13.2;54;12;69;1335
10.8;113;53;12.4;3975;12.4;91;56;46.6;3279
9.6;239;82;22.2;1452;12.5;61;23;50.7;694
1.2;104;63;19.2;5813;12.3;92;23;54.9;4647
5.4;50;56;9.5;6494;10.4;100;50;33.3;5405
4.8;101;65;16.2;6476;9.7;95;57;56.4;4929
0.5;98;50;14.5;795;12.4;70;26;37.7;340
23.8;245;65;20.4;4045;9;53;42;42.1;2903
0.5;76;51;7.3;1734;10.3;71;62;54.7;926
15.2;289;67;26;2250;10.7;56;58;68.8;2266
16.5;143;84;14.5;1737;11.4;68;54;36.6;1554
10.3;247;74;33.3;2872;9.6;61;46;30.7;2251
0.5;68;66;13.1;3062;8.8;84;40;48.5;2695
14.6;248;43;15.3;5833;13.2;84;42;51;4888
13.5;168;70;26.4;5813;10.2;57;16;45.3;4627
0.5;109;52;14.6;4627;8.9;66;12;61.6;3758
7.7;98;62;14.7;6970;11.1;57;40;63.1;5955
5.6;241;80;44.2;1805;10.1;100;36;39.2;1816
7.3;53;55;7.7;4700;14.7;85;17;31.6;3566
8.5;153;87;17;802;8.5;89;41;42.1;992
9;276;69;30.3;6797;11.7;50;39;69.5;5810
16.7;244;85;24.3;5574;9.7;58;12;65.1;4543
9.1;335;45;14.3;720;9.5;59;25;57.6;301
8.1;45;42;7.3;1217;8.9;63;24;61.3;1416
5.9;114;75;19.6;1304;12.9;77;47;64.6;1031
9.8;140;67;18.2;4176;11.3;85;37;30.9;3025
18.3;149;67;27.5;6287;11;83;18;35.8;5007
6.1;97;72;13.1;2205;14.9;62;41;40.7;1943
17.5;166;86;7.3;5106;10.4;100;27;52.1;4381
12.9;278;47;20.7;1633;8.8;77;58;65.7;1402
9.8;81;44;11;1230;12.3;77;43;53.8;870
10.3;180;57;25.1;4956;14.3;66;43;57.7;3941
3;190;78;23.7;5882;13.7;66;41;39.5;4259
7.9;111;79;21.1;5511;9.4;74;13;60.4;4745
2;45;32;9.4;4258;10.4;97;46;61.2;3191
13.6;150;63;18.9;6703;8.4;73;56;61.6;5415
6.4;131;71;24.4;6134;14.8;63;12;43.5;5110
8.7;68;39;7.5;2211;13.6;81;61;31.5;2002
5.6;49;65;9;1224;11.2;84;31;54.4;1343
9.2;151;60;13.8;999;12;66;12;55.9;911
13.7;226;57;18.5;3840;9.4;50;55;39.9;2997
16.4;249;46;41.8;4112;13.5;90;21;44.1;3330
5.3;283;80;28.3;6085;12.8;52;19;33.5;5099
8;189;48;16.8;2155;11.3;94;46;44.5;1870
20.9;253;90;37.9;5898;10.4;87;68;59.6;4298
2.1;188;76;36;984;13.6;85;63;69.9;320
1.8;104;75;8.4;5078;12.9;55;12;34.2;4428
6.2;232;71;13.1;3029;8.2;64;18;60.9;2902
10.8;318;79;29.2;888;14.9;76;54;61.4;1037
11.4;202;58;23.1;2904;9.9;65;12;68;2321
0.5;45;83;17.5;4083;12.9;98;38;45.5;3359
0.5;107;52;11.5;1319;11.2;60;13;55.3;1016
4.3;231;81;21.3;5395;11.4;87;26;48.4;4751
9;97;63;18.3;5939;11.4;55;12;38.6;5160
2.6;47;56;8.6;6965;14.1;76;39;57.6;5654
3.4;98;64;15.3;2135;14;57;48;66.3;2126
7.3;NA;49;13.6;5219;13.8;69;12;68.1;4269
20.7;241;64;19.5;1243;10;54;12;53.3;1080
4.9;69;51;7.3;1978;12.4;51;56;46.8;1911
11.9;286;66;25.1;4666;11.6;74;57;41.4;4225
14.1;142;83;13.6;4726;11.3;70;41;66.7;3673
6.5;247;73;32.4;5285;8.3;68;29;64.8;3953
11.6;67;65;12.2;4327;14.8;91;76;43.6;3579
14.2;243;42;14.4;503;14.2;92;67;56.4;275
2.6;161;69;25.5;5298;12.5;87;57;69.6;3808
6.6;104;51;13.7;947;11.7;60;43;60.2;386
6.9;93;61;13.8;5756;8.3;69;26;38.3;4825
23.7;233;80;43.3;4672;10.5;51;12;56.8;3855
0.5;48;54;7.3;6555;14.7;71;47;49.9;4917
5.7;148;86;16.1;5165;11;55;58;64.3;3770
9.3;270;68;29.4;5195;14;62;36;46.7;3977
12.1;238;84;23.4;6911;10.5;68;46;40.1;5933
19.8;334;45;13.4;4977;14;81;53;30.9;4128
2.7;45;41;7.3;5963;9.7;69;45;58.1;5246
10.5;109;74;18.7;5134;15;73;17;41.5;4483
3.8;137;66;17.3;6232;8.4;100;68;40.8;5387
10.8;144;66;26.6;827;8.5;100;56;65.9;770
6.6;97;71;12.2;5646;13.9;85;54;50.7;4647
10.8;165;85;7.3;6031;13.3;89;39;43.3;4820
10.6;275;47;19.8;597;14.6;94;72;50.3;313
0.5;73;44;10.1;5557;13.5;55;25;33.5;4066
5.2;178;56;24.2;1524;12.5;100;53;52.9;850
6.9;187;77;22.8;4765;10.8;97;21;43.1;3924
4.4;110;79;20.2;2989;10.9;88;62;66.9;1944
6.1;45;32;8.5;4810;11;53;37;50.5;3562
10.1;147;63;18;6225;9.9;50;50;50.4;4486
4.5;126;71;23.5;2015;10.9;84;27;53.2;1759
3.5;65;39;7.3;836;12;68;60;57.7;364
0.5;45;64;8.1;570;13.2;65;44;61.4;458
7.1;143;60;12.9;5407;11.1;79;40;45.2;4778
9.2;224;56;17.6;2738;11.3;55;49;50.3;1889
8.9;247;45;40.9;4437;10.4;75;12;58.9;3979
19.8;275;79;27.4;2848;13.3;56;19;45.1;2453
7.7;182;48;15.9;5336;8.2;82;31;61.5;3980
13.7;245;89;37;1922;12.8;56;15;62.3;1260
9.2;188;75;35.1;5361;9.2;77;29;64;4484
5.4;104;75;7.5;3625;14.8;75;32;55.9;2994
12.3;229;70;12.2;4196;9.1;66;33;67.8;3791
12.4;316;78;28.3;4698;14.2;59;52;53.8;3824
15.7;194;57;22.2;5948;11.8;99;30;64.6;4662
10.6;45;83;16.6;5200;14.4;64;28;49.7;3807
5.9;105;52;10.6;5487;8.5;100;68;68.8;4167
13.9;227;80;20.4;1466;8.8;56;33;56.6;1573
3.1;96;63;17.4;5301;9;72;12;33.4;4410
4.5;45;56;7.7;6664;8.5;70;38;45.2;5525
1.2;98;63;14.4;3682;10.4;68;21;51.1;3333
10.6;94;48;12.7;6022;13.8;55;12;67.3;4519
5.1;238;64;18.6;793;8.9;61;60;35.8;350
1.7;63;51;7.3;1032;9.9;72;18;70;628
18.8;286;65;24.2;6190;9.3;81;19;49.8;4614
14;134;82;12.7;1214;8.2;75;53;44.7;1309
13.9;239;73;31.5;1441;13.8;51;38;67.9;887
2.6;60;64;11.3;6728;9.3;76;56;68.2;5703
21.4;240;41;13.5;6510;10.7;65;16;60;5646
17.7;157;68;24.6;6147;11.2;88;51;69.5;5260
4.1;100;51;12.8;6712;13.7;98;62;41.9;5237
12.1;89;60;12.9;790;11.1;80;37;33.2;996
14.4;229;79;42.4;6010;13;89;50;56.8;4425
4.9;45;53;7.3;2529;12.3;73;19;60.7;2088
0.5;143;86;15.2;1685;9.7;77;12;54.7;926
21.8;265;68;28.5;5622;9.9;98;66;51.5;4402
14.6;233;84;22.5;4659;12.1;82;31;46.3;3641
19.1;332;44;12.5;3081;8.9;97;30;35.5;2285
0.5;45;41;7.3;5304;9.8;69;26;34.8;3824
0.5;106;73;17.8;835;9.2;89;41;49.8;721
12.5;131;66;16.4;1451;11.2;88;63;43.6;784
5.1;138;65;25.7;3008;13;53;19;31.8;2477
4.7;94;70;11.3;644;11.8;60;12;36.5;778
0.5;165;85;7.3;2997;14.2;94;19;50.4;2602
18.7;272;46;18.9;4994;8.2;88;66;38.9;4288
5.3;70;43;9.2;1222;8.5;91;51;45.6;562
5.8;174;55;23.3;4167;12.4;54;53;55.3;2964
14.2;184;76;21.9;5711;8.4;98;48;41.4;4159
3.9;110;78;19.3;3180;11;63;36;35.1;2452
0.5;45;32;7.6;5213;14.3;60;35;49.4;4585
2.9;144;63;17.1;6520;9.2;99;45;46.4;5711
2.1;126;71;22.6;6466;14.1;77;33;31.2;5421
10;62;39;7.3;6727;9.9;86;32;39.1;5081
0.5;45;63;7.3;517;14.6;87;56;38.8;661
8.7;141;60;12;1622;8.8;79;61;35.8;1737
8;222;55;16.7;3199;9.2;61;46;69.3;2248
15.2;241;44;40;1094;10.1;71;48;39.2;619
9.4;272;79;26.5;3022;9.3;53;12;68.1;2495
11.6;178;47;15;5530;9.4;64;39;39.2;3964
15.8;237;88;36.1;2344;9.7;87;67;67.5;2117
8.9;181;75;34.2;4612;14.7;83;55;37.1;4173
7.8;103;75;7.3;6215;8.3;90;36;49.8;4653
11.3;228;70;11.3;6513;13.7;86;50;47.6;5366
16.1;315;78;27.4;6485;9.9;78;42;42;5408
7.5;192;57;21.3;4898;11.8;99;59;68.9;3475
0.5;45;83;15.7;3260;14.3;77;34;69.1;2326
3.3;104;51;9.7;2396;9.6;50;12;40.2;1787
11.1;221;80;19.5;5623;12.6;71;53;39;4273
0.5;89;63;16.5;2768;10.4;61;59;63.3;2543
6.1;45;56;7.3;4730;11.1;96;43;66.4;3754
13;92;62;13.5;1661;11.3;51;19;32.6;1049
0.8;93;48;11.8;3971;14.5;71;39;49.4;3134
6.4;232;63;17.7;2435;8.7;91;66;47.4;2021
0.5;60;50;7.3;3055;13.7;72;22;47.9;2073
15.8;280;64;23.3;2681;8.4;53;12;66.7;1763
9.6;131;81;11.8;3601;9.9;67;54;40.3;2462
18.9;232;72;30.6;4958;8;67;23;69.3;3614
0.5;59;64;10.4;3539;11.8;64;13;34.3;3094
7.3;237;41;12.6;5797;13.2;69;24;38.6;4802
8.2;150;68;23.7;6639;8.1;69;54;43.9;5234
2.2;94;50;11.9;6942;15;70;12;55.3;5874
2.9;85;60;12;1952;9.1;65;60;33.2;1483
20;223;79;41.5;5774;12.8;81;47;50.5;4422
0.5;45;53;7.3;4881;11;59;46;55.2;4400
10.3;139;85;14.3;5878;9.3;70;32;62.2;4413
17.4;257;67;27.6;2576;11.3;64;12;44.6;2383
3.9;229;83;21.6;5160;13.2;71;43;39;3793
23.2;327;44;11.6;6029;11.2;76;68;39.7;4708
2.2;45;41;7.3;6302;14.4;55;24;68.5;5084
7.8;105;72;16.9;4534;11.2;51;17;66.4;3498
10.3;131;65;15.5;3975;12.5;80;13;66.8;3520
14.7;130;64;24.8;6923;11.2;96;69;46.8;5715
8.1;91;70;10.4;5367;12.8;55;55;46.8;3827
5.3;164;84;7.3;4281;8.8;95;68;44.7;3033
12.3;270;45;18;875;11.6;69;24;31.5;916
4.6;64;42;8.3;2440;9.7;74;61;64;1632
8.8;174;55;22.4;3081;9.4;62;27;57.8;2952
0.5;181;75;21;1669;13.5;94;74;38;917
0.5;102;77;18.4;4128;8.6;87;61;51.8;3656
1.8;45;32;7.3;4396;9.4;55;56;52.2;3671
4.6;137;62;16.2;5984;14.8;70;55;32.2;4890
3.7;122;71;21.7;6003;15;100;58;34.1;4681
5.8;54;38;7.3;691;11.6;50;28;54.8;357
2.4;45;62;7.3;1527;12;90;73;48.5;1193
9.9;136;59;11.1;4359;9.2;90;31;41.4;3784
5.1;220;54;15.8;3550;11;81;25;50.6;2951
9.3;241;44;39.1;5539;9.9;96;45;55.4;4338
10.9;268;78;25.6;3698;12.2;92;25;65.6;3369
9.2;174;46;14.1;4596;11.7;52;38;47.6;3484
22.3;234;88;35.2;4923;8.8;65;12;44.2;3529
13.8;179;74;33.3;6506;12.1;87;64;38.3;4913
8.7;102;74;7.3;5564;11.2;81;44;41.6;4367
6.2;221;69;10.4;3398;10.9;63;40;31.5;2988
13.7;310;78;26.5;6342;14.1;58;46;43.3;4707
17.1;192;57;20.4;2076;9.8;74;52;53.5;1744
7.3;45;83;14.8;4333;14;58;12;43.4;3711
5;98;51;8.8;6986;13.7;87;38;46.8;5249
10.9;213;79;18.6;5685;8.3;95;26;61.6;4832
0.8;88;63;15.6;4102;11.9;100;67;31;3730
2.8;45;56;7.3;2697;13.3;88;42;57.7;2182
12.2;88;62;12.6;4106;14.5;82;60;50.3;3593
7.3;89;47;10.9;4820;10.1;53;12;42.7;4162
18.3;228;62;16.8;889;9.6;66;63;67.6;1002
4.2;56;50;7.3;1009;13;97;61;53;686
18.9;274;64;22.4;697;9.7;87;54;51.6;538
5.4;124;81;10.9;5572;9.8;54;50;57.8;4378
0.5;227;71;29.7;3880;8.8;50;17;50;3349
7.8;52;64;9.5;3741;13.3;93;44;44.3;2850
10.7;237;41;11.7;2396;13.5;83;58;45.6;1812
16;147;68;22.8;6443;10.1;81;19;64.7;5459
4.9;90;49;11;2380;10;78;40;69.1;2075
5.2;78;59;11.1;803;10.7;61;50;50.9;1114
3.9;220;78;40.6;4705;14.7;91;24;33.6;3396
6.2;45;52;7.3;1313;10.2;91;69;34.7;1147
15;134;84;13.4;6533;10.6;62;22;62.6;5203
9.8;257;67;26.7;2307;13.4;79;47;69.4;1948
7.2;225;83;20.7;6895;14.8;74;30;45.4;5143
26.7;326;44;10.7;5343;14.4;74;45;59.3;4508
1.9;45;40;7.3;6365;8.3;58;12;37.5;5306
8.5;100;72;16;800;9.1;89;24;31.3;230
2.2;126;65;14.6;3435;13.4;99;33;60.8;2840
3.9;128;64;23.9;4039;10.3;84;13;43.4;3202
4.6;85;69;9.5;4064;8.9;89;74;63.5;3556
11.1;161;83;7.3;5193;10.4;56;38;30.4;4537
13.6;265;44;17.1;4985;8;85;70;40.2;4026
7;64;41;7.4;6248;14.7;74;66;35;5178
9.3;173;55;21.5;5710;13.5;66;41;31.3;4324
2.8;180;74;20.1;4351;9.2;87;18;40.2;3978
0.7;100;77;17.5;3410;9.4;89;27;33.3;2924
5.8;45;32;7.3;6606;11;77;60;49.1;4892
11.1;132;61;15.3;5709;14.9;87;46;43.8;4996
9.2;120;71;20.8;5061;8.8;74;19;67.4;3944
1.1;50;38;7.3;6532;10.4;95;33;32.6;5726
0.5;45;61;7.3;4874;15;87;49;60.4;3816
7.5;129;59;10.2;6253;10.6;57;12;65.2;5199
14.4;219;53;14.9;4860;13.5;96;52;45.9;3617
15.4;237;44;38.2;943;14.3;69;35;32.9;324
10.4;265;78;24.7;661;9.2;95;29;43.4;799
5.7;173;46;13.2;3589;9.3;63;12;55.2;2409
29.5;230;87;34.3;4560;11.7;59;12;43.2;3890
13.5;178;74;32.4;4243;10.7;62;26;54.4;3343
6.4;99;74;7.3;1667;11.9;82;55;61.5;1311
4;215;69;9.5;4891;9.5;86;63;63.3;3520
21.1;308;78;25.6;2468;13.5;54;12;41.4;2069
7.4;185;57;19.5;6350;8.7;100;77;62.7;5065
0.5;45;82;13.9;6176;14.3;57;38;32.6;4514
4.3;95;51;7.9;2367;8.6;91;38;47.6;1619
9.6;206;78;17.7;4521;12.4;86;39;58.3;3963
6.4;81;63;14.7;2462;13.6;91;46;56.8;2226
10.7;45;55;7.3;1701;10.6;100;47;30.2;921
1.4;80;62;11.7;1807;9.5;88;69;45.1;1059
13.3;82;47;10;3080;9.9;90;18;35.8;2820
11.6;220;61;15.9;3243;14.9;99;55;34.8;2782
3.2;55;49;7.3;5174;13.1;98;63;64.1;4205
18.8;267;63;21.5;5917;12;55;24;60.2;5126
0.5;119;81;10;938;8.8;52;17;31.1;412
7.9;222;70;28.8;3101;14.6;57;12;59.5;2769
0.5;45;64;8.6;2553;10.3;81;67;39.1;2237
13.2;232;40;10.8;2336;13.2;54;22;51;1623
13;139;67;21.9;4204;9;56;54;35.5;3137
6.1;88;48;10.1;973;14.9;56;22;57.4;566
7.9;76;58;10.2;6191;12.3;59;12;68.9;4474
14.8;220;77;39.7;3163;8.7;63;53;60.8;2908
0.5;45;51;7.3;5506;13.3;54;12;42.1;4107
10.7;128;84;12.5;4736;8.2;92;19;54.5;3990
21.6;256;67;25.8;6811;9.1;92;74;67.9;5423
11.1;220;83;19.8;3517;10.7;51;12;54.5;2602
25.2;321;43;9.8;1616;9.8;83;61;37.7;925
0.5;45;39;7.3;2717;9.8;68;38;64.7;2624
0.5;92;71;15.1;2524;8.4;95;19;36.9;2184
3.2;119;64;13.7;4213;10.5;83;69;30.5;3125
2.6;121;63;23;1841;14.9;79;37;68.2;1561
3.9;83;68;8.6;6594;15;66;41;58.5;5429
4.1;154;83;7.3;6048;11.2;60;53;38.6;4884
15;261;43;16.2;3956;11.8;82;67;49.3;2900
5.9;61;41;7.3;2061;14.6;58;43;50.6;2055
14.4;169;55;20.6;6478;8.3;77;36;37.7;5115
12;174;74;19.2;4346;13.1;83;14;53.7;3553
12.5;97;76;16.6;1041;13.3;63;12;39.7;1158
6.9;45;32;7.3;1738;8.6;98;41;66.4;1812
6.3;127;61;14.4;4869;10.3;89;72;38.9;3443
6.2;119;71;19.9;3855;9.3;69;44;46.1;3548
3.6;48;37;7.3;5872;9.8;91;32;59.6;4367
0.5;45;61;7.3;540;13.7;69;47;38.9;-17
8.2;127;59;9.3;6877;9.8;62;56;41.8;5264
12.7;215;53;14;3969;12.2;79;21;39.7;3612
14.5;235;43;37.3;2405;12.1;69;53;57.5;1773
19.1;259;77;23.8;6200;13;81;71;67.6;4728
10.9;170;46;12.3;4072;12.3;97;20;41.7;2891
26.8;229;87;33.4;5898;10;90;62;45.1;4464
4.1;174;73;31.5;2308;9.9;65;12;34.8;2075
9.7;97;73;7.3;4963;12.8;52;12;42.2;3628
6.1;214;68;8.6;6343;11;79;31;69.5;5165
12.5;307;78;24.7;4293;12.2;60;13;50.7;3484
13.8;182;57;18.6;2918;12.2;70;57;64.2;2778
0.5;45;81;13;2458;9.2;74;26;35.1;2036
1.6;93;51;7.3;2566;14.1;100;32;48.4;2176
18;206;77;16.8;3663;11;90;26;61.4;2853
1.3;78;62;13.8;5736;11.6;67;27;67.9;4797
3.4;45;54;7.3;3036;10.4;79;36;53;2597
5.6;76;61;10.8;575;13;85;20;48.3;810
1.5;78;46;9.1;6607;12.2;96;39;43.2;5022
3.9;213;61;15;5533;10.6;89;64;56.9;4634
5;50;49;7.3;4018;8.3;92;52;52;2937
9;261;63;20.6;4159;11.9;86;38;37.2;3739
7.4;118;80;9.1;4995;11.2;90;29;50.5;4200
13.6;217;70;27.9;5634;13.5;76;28;45;4864
4.3;45;64;7.7;5225;14.9;64;51;43.5;4036
13.8;225;39;9.9;5096;12.9;70;57;49.2;3919
9.8;138;66;21;3841;10.4;91;33;61.6;3283
0.7;84;47;9.2;1901;12.8;90;36;38.5;1759
1.7;71;57;9.3;2436;9.6;63;21;34.1;1635
5.8;218;77;38.8;4719;12;64;16;68.7;3511
0.5;45;50;7.3;6735;9.4;64;12;56.5;4902
9.9;126;83;11.6;5048;9.8;83;46;48.6;4444
13.1;250;66;24.9;5583;12.8;69;46;45.7;4035
9.8;215;83;18.9;4348;10.9;55;53;61.8;3642
14.2;318;42;8.9;6014;8.4;57;34;37.2;4997
1.9;45;38;7.3;4988;14.3;84;50;60.3;3661
0.9;91;70;14.2;2073;14.9;87;33;41.2;1933
7.5;113;63;12.8;1968;11.2;94;32;37.9;1316
6.7;113;62;22.1;2695;11.1;56;24;69.6;2579
4.6;80;67;7.7;4905;13.4;78;20;61.6;4416
0.5;153;82;7.3;2693;11.2;64;26;40.1;2008
19.1;260;43;15.3;4713;14.7;82;50;41.4;3942
7;55;40;7.3;2893;11.6;72;31;48.4;1949
8.8;162;55;19.7;2772;12.2;64;24;68.8;1720
11.6;171;73;18.3;3377;10.2;100;70;68.6;2838
5;92;76;15.7;4609;10.5;93;29;59.2;4177
6.2;45;32;7.3;1748;10.4;54;12;58.7;1011
4.7;127;61;13.5;4194;13.4;100;30;31.2;3231
5.1;113;70;19;1329;11.7;56;58;38.3;819
7.8;45;36;7.3;954;8.8;83;70;41;832
10.9;45;61;7.3;2483;12.8;95;31;54.8;2234
0.5;121;59;8.4;6694;10.1;58;23;35.5;5587
12.5;212;52;13.1;4977;13.1;85;32;45.6;3758
11.8;233;43;36.4;5444;10.2;74;64;51.2;4191
11.1;251;77;22.9;1803;8.2;77;58;53.9;1850
7.6;163;46;11.4;6945;10.5;69;31;55.8;5237
22.2;225;87;32.5;2177;12;57;31;37.4;1303
2.2;168;73;30.6;1616;13.8;60;46;63.6;1664
14;90;73;7.3;6734;11;65;48;57.5;5588
1.2;212;68;7.7;3283;11;69;37;66.6;2809
23.4;302;77;23.8;5338;14.2;53;12;52.9;4547
13.4;174;57;17.7;5879;10.9;95;43;49.4;4664
0.5;45;81;12.1;6991;12.9;99;23;42.8;5228
2.7;89;51;7.3;6148;9.6;60;45;54.4;4821
9.2;199;77;15.9;2465;13.2;72;34;63;2126
5.3;72;62;12.9;4686;10.3;77;36;50.2;3812
0.5;45;53;7.3;1783;12.4;78;19;64.9;1363
9;70;60;9.9;2889;11.7;62;53;40;2315
6.8;78;46;8.2;3944;8.8;79;42;59.5;2790
13.8;208;61;14.1;542;14.4;62;21;65.2;16
4.4;50;48;7.3;5327;10.8;61;12;61.5;4067
15.7;260;63;19.7;2218;13.6;80;64;32.7;1466
2.1;113;80;8.2;3043;14.8;86;37;61.3;2890
14.5;210;70;27;4988;12.4;72;49;65.3;3552
3.4;45;63;7.3;3780;12.4;98;73;57.9;3160
13.5;220;38;9;2633;13.3;50;36;30.8;2500
3.7;135;65;20.1;5985;13.9;91;72;32.9;4298
5.6;82;46;8.3;2329;8.3;96;22;54;1570
11.8;67;56;8.4;627;14;54;52;56.5;29
21.2;214;76;37.9;4295;12.1;59;12;66.3;3356
3.4;45;49;7.3;6289;9.1;85;52;59.2;4934
7.2;126;83;10.7;3638;9.6;73;58;67;2438
15.2;247;66;24;1011;10.8;88;50;50.7;1116
8.1;213;83;18;2746;13.7;56;42;55.6;2579
17.7;313;41;8;4644;9.8;52;26;58.4;3513
4.5;45;38;7.3;4804;10.4;92;30;38.1;3407
3.6;89;70;13.3;2955;9.9;70;46;59.3;2121
12;106;63;11.9;3005;13.5;53;12;36.5;2075
10.3;105;62;21.2;1720;10.7;91;20;55.2;914
2.5;75;67;7.3;570;10.8;84;59;34.1;442
9.9;149;81;7.3;5094;12.3;79;17;37.3;3926
18;254;42;14.4;889;14.5;82;12;36.4;716
6.6;53;39;7.3;5991;8.7;84;32;58.6;4690
13.2;159;55;18.8;1751;8.5;91;69;30.1;1075
14.6;163;72;17.4;5748;12.2;100;58;41;4246
0.5;91;75;14.8;851;9.5;65;37;53.3;1123
3.1;45;32;7.3;1107;13.8;100;26;33.1;581
7;126;60;12.6;4328;11.5;75;63;37.8;3669
12.2;108;70;18.1;1472;8.6;74;39;37.9;1144
7.2;45;35;7.3;2614;11.5;84;27;31.4;1776
3.9;45;60;7.3;1954;13.2;73;14;62.3;1380
9;119;59;7.5;1282;11.7;72;38;58;1337
15.2;211;52;12.2;794;10.4;95;41;32.4;168
12.7;226;42;35.5;3944;11.6;54;12;52.8;3038
0.5;248;77;22;5833;14;52;33;68.1;4368
4.5;163;45;10.5;3442;13.5;56;15;37.9;2382
15;223;86;31.6;5775;11.4;65;45;48.2;4595
6.1;163;72;29.7;4940;13.9;95;71;47.1;3892
8.9;84;72;7.3;1239;14.8;59;51;47.3;1153
7.1;207;67;7.3;654;9.3;85;51;49.5;427
3.4;297;76;22.9;1122;9.1;80;68;56;837
4;169;57;16.8;6190;11.2;80;53;35.3;5099
2.8;45;80;11.2;1962;11.4;96;56;44.9;1102
2.3;83;51;7.3;3615;9.5;58;12;46.7;2503
12;194;76;15;4445;14.2;90;22;45.6;3511
0.5;68;62;12;3781;13.4;91;73;49.7;2644
6.3;45;53;7.3;3121;12.2;64;22;63.1;2539
2.2;68;59;9;2649;9.9;50;45;58.8;1995
14.6;74;46;7.3;3113;13;78;62;66.6;2658
4.2;203;61;13.2;4454;8;55;12;36.2;3875
5.9;45;47;7.3;3357;8.3;70;12;35.3;2478
15.3;258;62;18.8;6709;11.8;89;22;45.4;5522
9.2;106;79;7.3;5815;13.5;53;48;45.3;4258
14.6;205;69;26.1;4311;13;82;26;52.1;3546
5.8;45;63;7.3;5712;9.8;70;57;51.6;4157
11;213;37;8.1;5063;10.9;96;70;42.1;3832
2.8;129;64;19.2;2166;11.6;56;42;55.2;1798
2.7;78;45;7.4;1868;9.9;50;25;58.1;1568
2.5;67;56;7.5;5960;8.5;67;12;57.5;5022
4.1;212;75;37;3469;10.6;56;54;33.9;2582
0.5;45;48;7.3;6531;8.4;61;12;43.7;5554
11.5;122;82;9.8;2915;14.1;50;26;47.7;1873
5.6;245;66;23.1;564;14.3;54;27;32.4;242
1.2;212;83;17.1;5683;13.1;76;25;46.1;4372
17.6;307;40;7.3;3529;14.5;95;65;45;2506
3.6;45;37;7.3;735;11.4;91;59;59.5;175
0.5;83;69;12.4;2280;8.3;61;12;44.2;1744
5.6;98;63;11;3433;14.3;96;25;62.2;2263
4.9;103;62;20.3;5076;9.3;56;36;33.3;4519
6.9;69;66;7.3;3693;14.6;67;12;43.2;2988
13.8;143;81;7.3;609;13.3;80;14;33;465
14.6;247;42;13.5;1153;14.5;50;27;63.3;793
0.5;53;39;7.3;2137;9.3;66;36;51.3;1842
12.4;153;55;17.9;2330;14.9;89;18;48.7;2004
13.9;156;71;16.5;1814;11.9;75;56;65.1;1071
4.4;85;75;13.9;1872;13.1;88;16;30.5;1063
0.5;45;32;7.3;6817;10.2;60;12;42.7;5372
7.4;124;60;11.7;6498;11.7;59;26;39;5081
5.7;100;69;17.2;1509;11.7;72;43;56.1;1648
2.7;45;34;7.3;667;10.5;92;34;58.1;974
2.9;45;59;7.3;5247;13.7;82;54;41.6;4429
11.7;114;58;7.3;831;9.4;51;41;32.8;865
6.5;208;51;11.3;2704;9.5;72;55;61.9;2499
12.3;219;41;34.6;3541;9.7;81;13;47;2631
8;245;77;21.1;3933;8.5;76;16;65.6;2839
0.5;158;44;9.6;2856;15;99;77;54.2;2782
7.4;220;85;30.7;2149;9.5;93;34;31.5;1654
11.3;161;72;28.8;648;9.3;71;57;46.1;793
0.5;76;72;7.3;2602;8.5;65;52;54.3;1897
9.7;203;67;7.3;3437;12.8;67;39;67.4;2315
13;293;75;22;623;9.5;87;23;50.5;445
12.3;163;57;15.9;4993;14.5;62;28;64.1;4227
1.6;45;80;10.3;1726;10.9;50;34;57.6;1755
4.7;76;51;7.3;5435;11.7;75;25;69;3933
11.2;194;76;14.1;5874;10.4;80;35;64.2;4409
4.6;65;62;11.1;2898;8;71;55;31.1;2621
3.2;45;52;7.3;1857;14.1;64;46;67.7;1944
7.5;66;59;8.1;5812;8.6;81;65;65.1;4235
2.2;68;46;7.3;6905;10.1;55;12;55.1;5574
5.8;196;60;12.3;5339;11.1;55;56;32.5;4528
0.5;45;47;7.3;3179;13.6;75;28;69.2;2768
6.7;257;61;17.9;4810;13.3;58;58;40.9;3359
17.4;102;79;7.3;5018;11.6;68;64;65.3;3658
21.2;200;69;25.2;6581;12.6;96;73;30.9;4907
0.5;45;63;7.3;4964;8;96;41;50.5;3653
6.1;210;36;7.3;954;10;76;16;58.2;569
0.5;126;64;18.3;3600;10.3;100;32;40.3;2961
8.1;72;45;7.3;6205;9.3;61;48;45.7;4850
0.5;62;55;7.3;1353;9.3;86;14;57.1;1262
6.1;206;74;36.1;4092;10.3;86;57;46.1;3025
2.5;45;48;7.3;3406;14.6;85;58;52.9;3177
5.4;114;82;8.9;4623;8.5;71;38;45.1;3301
14.5;244;65;22.2;2421;8.7;69;22;41.9;2169
10.7;210;83;16.2;6327;14.1;52;35;40.1;5329
19.9;304;40;7.3;1386;9.1;62;20;43.3;1010
0.5;45;37;7.3;3027;10;95;61;36.8;2816
6.1;76;68;11.5;5899;9.9;65;12;52.1;4861
10.5;93;62;10.1;6304;14.2;56;42;30.1;5336
0.5;95;62;19.4;2479;10.8;87;34;34.8;1958
0.5;65;66;7.3;701;9.3;69;32;65.8;995
16.9;138;81;7.3;1285;9.8;92;34;52.8;1464
13.4;239;41;12.6;3440;9.7;99;39;33.9;2791
6.3;51;38;7.3;3215;14.8;87;42;30.7;2348
6;149;55;17;3547;10;88;67;47.9;2574
12.5;156;70;15.6;2719;10.8;58;33;50.5;2061
5;80;NA;NA;5223;10.1;51;21;55.1;4559
4.7;45;32;7.3;5405;10.1;78;29;58.9;4733
11.3;121;59;10.8;5318;12.4;74;22;52.2;4081
7.1;97;69;16.3;4149;12.3;76;12;44;3336
6.3;45;34;7.3;4525;9;74;66;45.9;3194
0.5;45;59;7.3;6426;12.8;61;12;47.4;4713
9.1;113;58;7.3;2836;10.6;62;40;45;2135
13.9;204;51;10.4;3152;13.4;88;66;43.3;2731
6.8;215;40;33.7;5253;14.8;97;47;67.9;4279
4.1;238;76;20.2;1638;13.6;60;41;47.6;1474
7.8;152;43;8.7;3839;11.4;96;22;41.5;2678
13.9;218;84;29.8;1853;13.1;95;35;58.9;1058
4.7;160;72;27.9;6106;13.6;56;47;55.3;5273
3.3;76;72;7.3;4841;11.8;93;42;41;4000
9.1;201;67;7.3;4963;10.3;94;38;66.9;4392
5.4;292;74;21.1;3744;14.1;91;70;45.4;3154
0.5;158;57;15;2383;13.9;73;59;67.8;1569
0.5;45;80;9.4;6325;13.1;94;73;49.8;5351
0.5;71;51;7.3;5945;13;72;52;54;5011
12.5;186;75;13.2;1211;13.9;57;12;31.1;1347
3.9;61;61;10.2;4808;13.2;67;15;47.4;3869
10.2;45;52;7.3;3166;11.3;97;37;38;2360
2.7;60;58;7.3;625;14.4;88;71;36.4;842
5;63;46;7.3;734;11.6;99;76;47.5;976
9.8;190;59;11.4;2978;13;53;48;61.9;2589
2.8;45;47;7.3;4994;14.1;89;62;67.3;4491
15.1;253;61;17;5995;10;56;12;45.3;4835
2.3;99;78;7.3;1024;11.1;55;12;30.2;457
14.1;200;69;24.3;2251;8.1;99;61;67.9;1997
3;45;63;7.3;2260;9.1;85;51;49.9;1905
12;205;36;7.3;6363;14.5;79;66;59.7;5190
0.5;126;63;17.4;6578;10.8;64;42;32.8;5397
8;67;45;7.3;1374;8.8;64;13;56.9;713
3;62;54;7.3;688;10.4;51;47;37.7;624
16.1;203;74;35.2;746;13.4;50;22;30.8;1068
3.9;45;47;7.3;1935;8.7;55;56;32.9;1656
1.1;110;81;8;6037;8.1;98;55;42.7;4512
6.5;244;65;21.3;3952;9;58;27;50.3;2975
12.3;202;83;15.3;538;12.7;79;40;69.8;824
19.4;299;39;7.3;3640;10.5;92;73;30.5;3173
0.5;45;37;7.3;6792;8.4;64;35;38.7;5380
0.5;74;67;10.6;3435;10.5;68;44;42.8;3035
0.5;87;62;9.2;6375;14.3;86;33;51.4;5446
2.7;93;62;18.5;2765;12.8;99;28;50;1883
4.8;59;66;7.3;5672;9.5;78;12;44.1;4268
4.2;134;80;7.3;5982;10.7;99;39;38.4;4874
10.4;235;41;11.7;974;13.9;93;21;50.3;539
6.4;45;38;7.3;954;8;88;45;60.2;1162
16.6;145;55;16.1;5168;9.7;67;27;51.9;4347
0.6;150;69;14.7;3060;10.3;76;34;51.5;2602
2.8;77;74;12.1;2531;8.6;70;25;46.9;1962
0.7;45;32;7.3;4786;12.1;93;27;31.5;4295
9.8;120;58;9.9;4140;12.2;85;21;47.6;3233
13.4;92;69;15.4;966;9.1;84;44;30.2;816
2.9;45;33;7.3;5567;14.2;90;57;49.6;4096
9.8;45;59;7.3;512;11.5;100;43;39.2;174
15;107;58;7.3;4956;12.4;78;36;36.3;3484
9;202;50;9.5;1971;11;94;33;30.1;1822
13.1;213;40;32.8;5362;10.6;87;36;36.3;4212
11.5;232;75;19.3;4923;11;95;49;65.2;3441
3.8;146;43;7.8;4358;10.4;78;45;52.5;3367
8.6;211;84;28.9;4804;12.4;57;24;43;3908
6.2;152;72;27;3379;12.7;70;43;36.2;2963
0.5;73;71;7.3;517;14.2;59;20;47;598
5.7;199;67;7.3;643;10.3;94;20;58.6;603
2.9;290;73;20.2;6889;8.2;79;29;36.1;5738
12.7;157;57;14.1;6662;13.9;89;71;45.5;5305
0.5;45;80;8.5;4197;8.3;96;27;43.7;3557
5.7;65;51;7.3;1547;13.5;59;12;40.8;1473
17.8;182;74;12.3;2507;10.8;69;39;62.2;1657
5.8;53;60;9.3;3505;11.7;96;69;41.3;2533
0.9;45;51;7.3;3421;10.7;74;44;34.4;2592
9.3;54;57;7.3;4266;8.2;57;59;46.1;3625
18.5;63;46;7.3;2356;11.3;77;21;39.7;1959
12.5;184;59;10.5;1636;9.5;95;22;65.5;1456
4.4;45;46;7.3;4869;8.9;77;28;35.5;3731
15.1;246;60;16.1;2000;10.6;53;44;64.8;1618
13.8;98;78;7.3;1714;13.6;61;57;55.5;1446
9.6;199;69;23.4;4571;11.8;82;58;31;3200
0.5;45;62;7.3;4386;12.3;94;69;53.9;3267
18.1;205;36;7.3;2758;10.4;65;22;69.7;2698
0.5;120;62;16.5;1702;9.7;65;52;44.7;1725
0.5;64;45;7.3;589;9.9;73;50;62.5;897
0.5;61;54;7.3;5668;12.5;56;56;35.9;4710
8.8;195;74;34.3;2013;10;79;23;45.6;1587
1.8;45;47;7.3;5964;8.4;66;33;50.3;5227
12.6;106;81;7.3;3631;13.4;57;12;37.3;3236
15.8;237;64;20.4;3512;11.7;73;29;58.8;2512
20.2;199;82;14.4;663;14.2;81;39;41.3;687
17.7;299;39;7.3;6134;10.7;79;66;30.9;4989
4.4;45;37;7.3;2620;12.6;72;66;53.8;2016
1.9;72;66;9.7;3453;10;61;55;46.6;3163
0.5;80;62;8.3;3820;9.4;84;72;54.9;3505
8.4;86;61;17.6;2135;9.9;87;15;48.1;2140
0.5;54;66;7.3;5051;12.5;75;34;70;4247
19.6;132;80;7.3;1032;13.4;78;12;63.3;547
11.9;235;41;10.8;4864;15;71;18;65.2;3928
5.6;45;37;7.3;5009;9;58;40;37.9;3743
7.4;145;55;15.2;6735;13.3;78;28;47.7;5235
14.5;145;68;13.8;3731;12.2;79;45;34.1;3065
7.1;72;73;11.2;745;11.6;79;66;49.9;478
1.1;45;32;7.3;549;10.2;63;13;39.5;204
5.8;113;58;9;5700;12.8;70;61;57.9;5005
9.2;92;69;14.5;5425;12;92;27;60;4468
5.8;45;33;7.3;6407;10.7;74;13;37.5;4900
2.8;45;59;7.3;4862;11.8;95;34;36.9;3517
4.6;107;58;7.3;1677;14.7;56;32;39.4;1402
10.6;198;49;8.6;5448;12.2;61;25;60.4;4126
8.7;212;40;31.9;6899;10.1;62;29;56;5581
11.8;226;75;18.4;3063;12.7;59;38;64.1;2217
5;143;42;7.3;6630;10.7;69;27;43.4;5132
14.5;209;83;28;6225;10.5;79;58;45.6;5059
7;150;72;26.1;5888;12.5;64;24;54.3;4702
0.5;65;71;7.3;2710;11.4;92;67;62.8;2576
2.2;199;67;7.3;3979;8.3;93;48;55;3182
25.5;283;73;19.3;5930;9.4;88;22;30.8;4786
12.3;153;57;13.2;6402;8.7;86;69;66.4;5001
6.8;45;79;7.6;4833;10.4;66;56;65.4;3875
2.5;65;50;7.3;817;10.5;50;15;30.4;302
11.7;178;73;11.4;5980;9;95;33;39.1;4851
5.2;51;59;8.4;1686;8.1;57;37;52;1272
8.5;45;50;7.3;4891;9.8;65;12;55.6;3777
4.5;48;57;7.3;5288;10.1;99;37;53;4122
6.1;62;46;7.3;932;9.4;53;57;31.2;396
12.1;176;59;9.6;3815;9.7;75;66;42.9;2994
5.2;45;46;7.3;4862;8.4;59;12;40.2;3425
7.8;241;59;15.2;5115;9.4;79;34;30.5;4520
13.6;94;78;7.3;5047;12.7;84;47;36.6;3596
6;196;69;22.5;5672;10.9;86;71;66.3;4892
6.3;45;62;7.3;5120;14.9;63;19;39.8;4595
15.6;202;35;7.3;4843;8.1;88;30;39.4;4368
8.7;119;61;15.6;2257;10.6;84;24;51.1;1642
6.1;61;45;7.3;6170;12.4;88;68;33.1;4457
12.3;56;53;7.3;6376;10.6;84;23;45.2;5563
7.2;192;74;33.4;2797;8.2;97;51;66.4;2445
4.9;45;46;7.3;1565;11.1;53;51;52;867
9.2;99;81;7.3;1626;9.3;86;18;31.1;1665
17.8;233;64;19.5;4640;9.3;56;12;53.4;3401
7.4;197;82;13.5;1523;10.5;98;65;69.6;939
12.5;298;39;7.3;5828;9.4;57;34;60.1;4609
4.5;45;36;7.3;5172;9.2;63;12;54;4368
11.8;71;65;8.8;5655;8;75;40;38.2;4955
8.9;80;61;7.4;5443;8.5;80;15;66.2;4184
5.4;78;60;16.7;624;9.5;88;63;54.2;356
5.7;54;65;7.3;838;9.9;88;47;39.4;655
8.2;125;80;7.3;2981;13.6;58;59;33.4;2349
11.1;228;41;9.9;3110;15;57;21;41.4;2050
3.4;45;37;7.3;2688;15;77;50;59.6;1911
4.9;137;54;14.3;6565;14.2;76;12;48.8;5386
16.6;142;67;12.9;5776;10.1;80;51;30.1;5053
11.1;68;72;10.3;4302;14.3;64;51;41.7;3118
4.8;45;32;7.3;4097;13.2;97;33;57.8;3004
8.1;111;57;8.1;1570;14.6;99;61;66.3;1138
3.7;87;68;13.6;4777;14.9;53;38;46;3443
2.9;45;33;7.3;3904;14;50;42;34.1;3164
5.7;45;58;7.3;2227;12;87;69;45.8;1361
4;103;58;7.3;3018;10.6;50;32;35.3;2054
15;193;49;7.7;3470;11.4;75;42;67.6;2954
7.5;204;40;31;6632;13.6;95;52;49.8;5286
6.6;219;75;17.5;6570;14.7;59;21;42.3;4921
11.3;143;41;7.3;5925;13.5;86;69;56.8;4418
13.6;207;82;27.1;3306;8.7;95;28;36.2;3009
11.2;145;71;25.2;2020;12.2;53;41;33.7;2020
0.6;60;70;7.3;4060;8.4;74;20;63.3;3564
10.7;199;67;7.3;2528;11.2;66;35;34.4;1639
11.5;281;73;18.4;6936;12.2;86;35;37.8;5335
3.1;146;56;12.3;1981;12.1;95;64;33.3;1727
0.5;45;79;7.3;2929;11.4;100;62;62.6;2756
2.8;64;50;7.3;735;9.7;58;12;40.4;282
2.6;175;72;10.5;506;12.6;66;20;41.6;182
6.3;51;59;7.5;2470;9.1;88;60;62.5;1515
0.5;45;50;7.3;1501;14.7;82;42;32.6;748
8.4;46;57;7.3;2258;10.2;57;12;64.2;1529
5;59;46;7.3;3340;11.5;69;28;56.1;2450
17.5;170;59;8.7;3000;9.1;50;41;57.4;2524
0.5;45;45;7.3;4785;12.5;57;49;46.6;3765
14;239;59;14.3;1109;14;100;30;43.9;560
3.8;87;78;7.3;2475;14.1;77;57;42.3;2246
11.7;191;68;21.6;2053;9.3;58;59;50.1;1675
7.7;45;62;7.3;6746;8.1;84;40;31;5357
14.9;200;34;7.3;6271;10;63;12;38;4722
8.4;116;60;14.7;3366;10.8;66;33;36.1;2571
3.9;55;44;7.3;728;14.7;50;32;35.3;869
3.9;51;53;7.3;3205;11.5;57;12;43.3;2085
9.6;184;74;32.5;4201;12.1;74;30;63.6;3246
6.4;45;46;7.3;5165;9.5;69;39;53.2;3723
0.5;96;81;7.3;5164;10.6;85;16;31.1;4501
4.5;227;63;18.6;3827;14.1;58;21;31.9;3351
19;196;81;12.6;5779;9.7;87;62;69.7;4205
12.9;294;39;7.3;6701;8.5;77;12;47.7;5716
9.8;45;36;7.3;6598;8.7;58;24;49.2;5435
0.5;71;65;7.9;557;11.7;52;33;57.8;182
4.2;80;60;7.3;6846;8.7;77;59;69;5690
2.5;74;60;15.8;4195;14.3;64;38;69.3;3352
0.5;47;64;7.3;1830;12.1;77;62;63.1;1144
1.3;123;80;7.3;6553;8;78;52;37.2;5600
9.9;221;41;9;4041;11.2;64;45;64.8;2897
0.5;45;36;7.3;1522;11.7;58;12;51.9;1384
2.7;136;54;13.4;4559;10.8;79;43;68.4;3393
10.5;135;66;12;2880;14.3;68;50;66.1;2044
0.9;65;72;9.4;1491;13.3;69;30;55.9;1420
6.6;45;32;7.3;3772;11.6;54;33;31.1;3205
2.9;104;56;7.3;1306;15;75;59;31.4;1231
2.5;83;68;12.7;2137;13;94;51;37;1537
1.9;45;32;7.3;890;14;96;77;42.3;1128
5.1;45;57;7.3;884;8.6;60;55;65.4;897
6.7;103;58;7.3;1313;12.6;99;44;44.2;1481
9.4;187;48;7.3;1616;10.2;73;67;42.2;1084
11.5;202;40;30.1;560;12;93;76;58.6;540
11.5;213;74;16.6;855;12.1;75;68;69.8;629
7.2;136;40;7.3;3106;12.3;66;62;33.5;2620
18.2;200;81;26.2;3534;10.2;56;12;62.8;2550
14;137;70;24.3;5676;10.9;54;49;35.7;4856
1.1;57;70;7.3;3644;8.1;50;48;63.5;3049
13.9;191;67;7.3;669;14.9;97;29;40.3;664
11.2;275;72;17.5;2554;9;59;38;50.3;2034
4.3;144;56;11.4;5844;10.4;64;46;43.3;5079
0.5;45;78;7.3;3182;10.3;76;12;32.7;2172
3.9;63;49;7.3;1965;9.4;78;25;65.7;1150
10.8;168;72;9.6;3049;9.9;63;33;65.9;2121
2.4;51;58;7.3;2402;8;74;22;60.9;2107
1.8;45;50;7.3;6770;11.7;52;12;55;5083
0.5;45;57;7.3;2793;12.6;74;12;32;2679
3;58;46;7.3;3397;14.7;64;15;59.8;3074
13.8;167;59;7.8;6877;8.5;64;48;56.3;5323
8.4;45;44;7.3;6929;12.3;81;17;58.4;5630
7.2;232;58;13.4;1649;14.9;99;67;33.4;999
2.4;87;77;7.3;529;9.1;89;35;65.9;594
6.9;187;67;20.7;1650;11.6;99;27;42.7;1392
1.9;45;62;7.3;807;11.1;60;50;63;288
11;200;34;7.3;1685;10.1;97;50;43.7;1645
4.4;112;59;13.8;5721;9.1;82;68;69.3;4339
0.5;47;44;7.3;5791;8.7;88;38;53.1;4539
1.9;48;52;7.3;3179;11.5;51;46;51.7;2261
11.6;184;73;31.6;6737;10.6;81;56;56;5094
3.7;45;46;7.3;3700;13;88;59;32.4;2651
7.7;93;80;7.3;6791;11.7;56;28;38.8;5459
10.1;221;62;17.7;1263;11;73;46;40.9;1100
11.2;196;81;11.7;2972;13.4;82;22;57.6;1923
11.7;292;38;7.3;3739;10;86;43;57.8;2555
0.5;45;35;7.3;6117;15;89;61;54;4797
0.5;67;65;7.3;6847;11.7;93;53;46.4;5632
5.8;72;59;7.3;4405;12.6;91;53;31.7;3621
8.2;73;59;14.9;6173;8.9;73;12;43.7;4995
0.5;46;64;7.3;5078;10;68;16;35.9;4397
0.5;123;80;7.3;3444;12.4;84;66;57.2;2754
3.9;215;41;8.1;6379;9.4;96;51;35.5;5145
2;45;36;7.3;5009;8.8;89;64;55;4173
3.1;132;53;12.5;1278;12.2;58;21;65.7;1059
7.9;133;66;11.1;1193;11.8;55;58;54.3;1014
1.6;63;71;8.5;6743;12.6;68;12;43.5;5625
2.5;45;32;7.3;3364;13.6;61;29;54.8;2280
11.4;103;55;7.3;5234;12.9;93;74;63.9;4196
8.9;76;67;11.8;2649;12.2;80;64;69.5;2487
6.7;45;32;7.3;4788;15;67;12;41.1;3813
4.5;45;56;7.3;4624;14.8;93;71;49;3553
7.3;96;58;7.3;3122;9.9;81;34;30;2255
8.7;180;48;7.3;2391;8.5;88;58;52.9;1542
10.3;199;40;29.2;1297;11.3;65;27;57.2;877
15.8;206;73;15.7;4518;10.3;50;53;53.8;3475
0.5;130;40;7.3;5004;12.1;70;38;68;4352
8.5;200;81;25.3;632;9.5;71;53;41.5;209
15;137;70;23.4;3719;12.5;96;53;36.4;2997
2.2;54;70;7.3;1942;11.5;53;12;62.6;1883
11.4;184;66;7.3;3991;9.1;73;49;62.4;3107
8.5;273;72;16.6;6546;12.6;58;20;41.4;4828
7.9;142;55;10.5;4252;10.7;59;12;56.7;3454
0.5;45;77;7.3;3326;14.2;58;43;63.7;2750
3.9;55;49;7.3;3591;14;88;73;42.7;2927
2.9;162;71;8.7;4231;12.9;98;73;50.2;3862
0.5;45;57;7.3;4752;9.2;74;49;41.3;4125
9.3;45;49;7.3;1127;12.4;60;16;49;1319
1.6;45;56;7.3;2206;11.8;97;47;60.7;1353
3.8;50;46;7.3;4012;12.6;59;15;66.8;3349
9.9;160;59;7.3;6799;13.5;69;32;45.7;5269
6;45;43;7.3;1399;14.5;67;64;60.2;1066
18.6;232;57;12.5;4707;10.7;61;30;39.8;3695
8.1;87;76;7.3;6185;10.4;64;59;39.9;4591
13;185;67;19.8;6691;8.4;53;12;36.6;5149
0.5;45;61;7.3;3246;9.6;52;31;36;2146
13.2;200;33;7.3;6149;9.7;61;42;43.5;4922
7.2;107;59;12.9;1448;15;72;34;68.1;1057
1.9;45;43;7.3;5233;10.3;78;37;49.6;4074
4;46;51;7.3;3741;10.8;81;66;66.9;2502
4.7;176;73;30.7;6523;10;88;57;63;5190
9.5;45;45;7.3;6833;12.2;71;57;35.8;5652
0.5;86;79;7.3;3937;12.8;98;36;47.6;2956
15.3;217;61;16.8;827;9.6;64;43;57.7;196
0.8;191;80;10.8;2914;10.2;84;70;57;2313
17.7;290;37;7.3;3758;13;79;55;34.4;3485
3.2;45;35;7.3;6248;12.1;51;39;37.3;5196
6.1;59;65;7.3;4606;9.3;71;59;33.4;3601
10.1;72;59;7.3;5520;10.4;85;27;59.3;4452
0.5;65;59;14;5244;12;92;70;44.2;4618
10.7;45;63;7.3;4915;9.8;51;15;44.6;3566
3.3;123;79;7.3;727;9.1;73;27;44.2;443
10.6;213;40;7.3;6609;11.1;78;49;35.3;4793
6.9;45;36;7.3;6243;9;84;55;57.8;5340
13.3;124;52;11.6;617;11.9;92;35;66.2;942
9.5;129;65;10.2;6673;10.3;98;68;39.4;5055
4.6;57;70;7.6;4330;12;65;12;41.7;3313
4.3;45;32;7.3;6294;11.8;91;31;39.9;5468
2.4;99;55;7.3;5327;10.2;96;67;57.6;4464
8.1;68;67;10.9;2929;13;80;18;39.3;2124
3.5;45;32;7.3;3401;9.2;52;33;37.6;2759
0.5;45;55;7.3;2109;13.1;77;60;52.3;2044
2;90;57;7.3;651;8.3;60;29;30.3;196
12.9;178;48;7.3;1751;8.5;96;50;50.6;1149
7.5;192;39;28.3;4994;14.1;81;24;63.3;3584
10.9;198;72;14.8;6670;10.9;60;13;61.8;4872
7.4;124;40;7.3;1316;13.9;81;39;50.3;707
13.2;196;80;24.4;6845;9.9;98;62;51.8;5685
1.1;131;70;22.5;3975;8.7;51;35;60.1;2765
0.5;49;70;7.3;2145;8.6;50;53;33.3;2156
15.8;184;66;7.3;3442;9.8;73;60;49.8;2451
15.9;265;72;15.7;6981;12.1;89;27;62.9;5516
7.6;138;55;9.6;4369;9.2;78;41;43.4;3141
6.6;45;76;7.3;4801;9.3;66;37;67.5;3562
6.3;47;49;7.3;1770;14.8;78;31;58.6;1486
10.1;156;71;7.8;1883;8.6;50;12;45.6;1640
2.7;45;57;7.3;3782;12.9;77;17;37.9;2687
5.3;45;48;7.3;2772;13.1;71;59;38.9;2597
7.6;45;55;7.3;5010;11.5;90;59;51;3890
10.6;47;45;7.3;2230;14.5;85;68;53.1;2020
7.9;154;59;7.3;1346;11.4;56;31;62.2;585
0.9;45;43;7.3;2994;11.1;92;68;34;2200
8.2;225;56;11.6;538;10.2;99;64;49.5;-66
2.4;85;76;7.3;3424;9.5;58;12;50.4;2551
8.1;181;66;18.9;5184;11.2;87;21;50.6;4129
0.5;45;61;7.3;6099;12.8;95;59;31.1;4674
9.2;197;33;7.3;5761;12.2;89;62;33.8;4135
4.7;101;59;12;2867;9;62;47;42.7;2266
0.5;45;42;7.3;6311;8;70;62;69.2;4717
5.3;45;51;7.3;2099;11.1;60;59;45.1;2131
8.2;176;73;29.8;3042;11.2;53;24;37;2123
8.2;45;44;7.3;3725;13.7;100;31;41.1;3410
4.2;81;78;7.3;911;12.7;50;52;54.6;463
10.8;214;61;15.9;4893;8.2;79;25;57.4;3922
4.8;190;80;9.9;6531;10.6;78;34;39.8;5352
17.5;286;37;7.3;2656;9.4;67;12;54.7;1881
3.7;45;34;7.3;6269;8.7;94;71;40.3;5107
2.2;57;64;7.3;3840;8.3;55;12;69.1;2947
0.9;66;58;7.3;2233;9.3;100;58;56.6;1894
1.8;59;58;13.1;2135;12.3;73;67;39.7;1617
19.2;45;62;7.3;825;12.9;52;12;64;874
10;117;79;7.3;2030;12;88;70;61.1;1881
9.1;211;39;7.3;1336;10.1;88;39;62.1;984
10.6;45;36;7.3;1536;11.8;71;61;53.4;1028
10;124;52;10.7;3602;11.3;69;24;36.9;2500
6.7;125;65;9.3;2831;9.8;86;15;54.8;2533
0.5;57;70;7.3;6669;11.7;54;21;66.5;5733
4.6;45;32;7.3;6703;11.7;81;31;34.8;5391
6.1;91;55;7.3;6515;13;93;56;56.6;5044
2;61;66;10;4294;8.7;55;42;36;3930
5;45;32;7.3;857;12.9;50;15;40.3;585
3.9;45;54;7.3;3609;9.7;90;38;47.2;2586
6.3;83;57;7.3;4601;14.2;67;12;55.5;3767
12.7;175;47;7.3;3052;11.3;54;18;61.2;2691
15.9;185;38;27.4;3837;9.1;79;63;48.2;3041
15.9;190;71;13.9;1543;13.9;74;60;37.7;1360
10.8;124;39;7.3;3037;9.9;86;32;65.6;2374
2.9;190;80;23.5;4992;8.7;81;42;32.8;4167
6.4;123;70;21.6;5753;14.8;69;14;54.5;5046
4;45;69;7.3;6130;9.8;94;63;37.7;4527
3.1;178;66;7.3;5942;10;56;56;56.3;5065
7.3;265;71;14.8;1142;9.4;95;37;65.7;1413
1.4;132;55;8.7;2285;14.9;90;72;54.5;1913
0.5;45;76;7.3;5619;13.9;59;31;30.2;4460
2.4;47;48;7.3;4635;13.7;91;36;69.2;3257
0.5;149;70;7.3;3938;13.7;98;30;33;2663
2.7;45;57;7.3;1154;10.3;52;23;69.8;899
0.5;45;47;7.3;2674;10.5;66;32;49.4;2367
14.2;45;55;7.3;3444;8.9;91;56;40.9;2267
0.9;46;45;7.3;628;9.9;57;15;37.6;835
10;151;59;7.3;2211;8.7;72;38;35.8;1735
5;45;42;7.3;3798;11.8;92;48;47.8;3262
2;222;55;10.7;3477;12.5;59;54;42.1;2548
0.5;83;76;7.3;823;13.2;65;33;32.5;632
8.3;175;65;18;3927;12.1;68;37;40;3044
1.7;45;60;7.3;4209;8.6;94;74;68;3067
5.7;194;33;7.3;4719;11.7;62;47;48.4;3340
3.9;97;59;11.1;1989;11.4;69;50;57;1428
0.5;45;41;7.3;1833;9.6;99;69;34.7;1123
4.4;45;51;7.3;6556;13.9;65;28;60.4;5133
11.3;170;72;28.9;4376;13.9;50;55;62.6;3009
0.5;45;44;7.3;5837;13.1;50;12;43;4737
14.3;77;78;7.3;1109;11.5;89;30;46.3;1353
2.7;209;61;15;1381;11.5;71;12;38.4;1265
12.5;189;80;9;3080;8;60;17;55.3;2254
15.1;283;37;7.3;4490;12.1;57;19;46.7;3186
4.9;45;34;7.3;4442;10.3;95;62;68.1;3847
7.6;55;63;7.3;6286;8.8;86;61;44.9;5201
0.5;59;58;7.3;4263;10;63;27;42.9;3151
1.3;51;58;12.2;4943;9.7;97;37;44.4;4139
0.6;45;61;7.3;3305;9.1;95;68;39.7;3060
0.5;109;79;7.3;931;12.2;59;12;38.2;669
9.1;209;39;7.3;6065;14;94;50;66.7;4930
1.3;45;35;7.3;3483;11.5;72;21;44.9;3149
10.9;120;52;9.8;3685;8.9;61;36;39.9;2804
11.5;121;64;8.4;1238;12.5;78;45;66.3;994
0.5;52;69;7.3;4359;13;56;44;43;3423
7.5;45;32;7.3;4852;14.1;69;63;67.2;4007
15.9;91;54;7.3;991;14.6;84;59;31.6;410
8.8;58;66;9.1;6410;10.7;83;55;51.1;4939
0.5;45;32;7.3;5963;14.4;93;32;37.2;5100
0.5;45;NA;7.3;1751;12.5;54;12;37.2;1211
10.8;83;57;7.3;2386;11.2;60;12;39.6;1417
